gender,opt4_goodluck,opt2_highability,opt3_easytask,opt1_higheffort
female,0.2918230769230769,0.26402820512820513,0.18657179487179487,0.25746410256410257
male,0.28956923076923075,0.2716769230769231,0.18366666666666664,0.25527692307692307
