gender,opt4_badluck,opt2_lowability,opt3_difficulttask,opt1_loweffort
female,0.27207948717948716,0.27133333333333337,0.15307179487179487,0.30381025641025644
male,0.27363589743589745,0.2763820512820513,0.14932307692307692,0.30055128205128206
